id,seed,cover_percent,error
SEED0000000000,abc,0.0909090909090909,
SEED0000000002,ha,0.18181818181818182,
